[
    {
        "condition": "entity_properties",
        "entity": "this",
        "predicate": {
            "equipment": {
                "mainhand": {
                    "tag": "demonslayer:swords",
                    "nbt": "{Cap:{Waterbreathing:1b}}"
                }
            }
        }
    },
    {
        "condition": "inverted",
        "term": {
            "condition": "entity_properties",
            "entity": "this",
            "predicate": {
                "equipment": {
                    "mainhand": {
                        "tag": "demonslayer:swords",
                        "nbt": "{Cap:{Firebreathing:1b}}"
                    }
                }
            }
        }
    }
]

