{
    "temperature": 0.7,
    "downfall": 0.8,
    "precipitation": "rain",
    "category": "forest",
    "effects": {
        "sky_color": 7972607,
        "fog_color": 12638463,
        "water_color": 4159204,
        "water_fog_color": 329011,
        "grass_color_modifier": "dark_forest",
        "mood_sound": {
            "sound": "minecraft:ambient.cave",
            "tick_delay": 6000,
            "block_search_extent": 8,
            "offset": 2
        }
    },
    "spawners": {
        "monster": [
            {
                "type": "minecraft:zombie",
                "weight": 140,
                "minCount": 2,
                "maxCount": 10
            }
        ],
        "creature": [
            {
                "type": "minecraft:sheep",
                "weight": 12,
                "minCount": 4,
                "maxCount": 4
            },
            {
                "type": "minecraft:pig",
                "weight": 10,
                "minCount": 4,
                "maxCount": 4
            },
            {
                "type": "minecraft:chicken",
                "weight": 10,
                "minCount": 4,
                "maxCount": 4
            },
            {
                "type": "minecraft:cow",
                "weight": 8,
                "minCount": 4,
                "maxCount": 4
            }
        ],
        "ambient": [],
        "axolotls": [],
        "underground_water_creature": [],
        "water_creature": [],
        "water_ambient": [],
        "misc": []
    },
    "spawn_costs": {},
    "carvers": {
        "air": [
            "minecraft:cave",
            "minecraft:cave_extra_underground",
            "minecraft:canyon"
        ]
    },
    "features": [
        [],
        [
            "minecraft:lake_lava_underground",
            "minecraft:lake_lava_surface"
        ],
        [],
        [],
        [],
        [],
        [],
        [],
        [
            "minecraft:spring_water",
            "minecraft:spring_lava"
        ],
        [
            "minecraft:glow_lichen",
            "minecraft:dark_forest_vegetation",
            "minecraft:forest_flowers",
            "minecraft:flower_default",
            "minecraft:patch_grass_forest",
            "minecraft:brown_mushroom_normal",
            "minecraft:red_mushroom_normal",
            "minecraft:patch_sugar_cane",
            "minecraft:patch_pumpkin"
        ],
        [
            "minecraft:freeze_top_layer"
        ]
    ]
}
