{
    "display": {
        "icon": {
            "item": "rotten_flesh"
        },
        "title": "Demon Slayer",
        "description": "kill a demon",
        "announce_to_chat": true,
        "hidden": false,
        "frame": "challenge",
        "show_toast": true
    },
    "parent": "demonslayer:root",
    "criteria":{
        "hi":{
            "trigger": "player_killed_entity",
            "conditions": {
                "player": [
                    {
                        "entity": "this",
                        "condition": "entity_properties",
                        "predicate":{
                            "entity": "this",
                            "player": {
                                "advancements": {
                                    "demonslayer:root":true
                                }
                            }
                        }
                    },
                    {
                        "entity":"this",
                        "condition": "inverted",
                        "term": {
                            "condition": "minecraft:entity_properties",
                            "entity": "this",
                            "predicate": {
                                "nbt": "{Tags:[\"demon_boost\"]}"
                            }
                        }
                    }
                ],
                "entity": [
                    {
                        "condition": "alternative",
                        "terms": [
                            {
                                "condition":"entity_properties",
                                "entity": "this",
                                "predicate": {
                                    "nbt": "{Tags:[\"ds_demon\"]}"
                                }
                            },
                            {
                                "condition":"entity_properties",
                                "entity": "this",
                                "predicate": {
                                    "nbt": "{Tags:[\"demon_boost\"]}"
                                }
                            }
                        ]
                    }
                ]
            }
        }
    },
    "rewards": {
        "experience": 100
    }
}