{
    "type": "minecraft:entity",
    "pools": [
        {
            "rolls": 1,
            "entries": [
                {
                    "weight": 1,
                    "type": "minecraft:item",
                    "name": "minecraft:spider_eye",
                    "functions": [
                        {
                            "function": "minecraft:set_nbt",
                            "tag": "{display:{Name:'{\"text\": \"Muzan Blood\",\"italic\": false}'},Muzan:1b}"
                        }
                    ]
                },
                {
                    "weight": 1,
                    "type": "minecraft:item",
                    "name": "minecraft:carrot_on_a_stick",
                    "functions": [
                        {
                            "function": "minecraft:set_nbt",
                            "tag": "{display:{Name:'{\"text\": \"BDA\",\"italic\": false}'},Cap:{BDA:0b}}"
                        }
                    ],
                    "conditions": [
                        {
                            "condition": "random_chance",
                            "chance": 0.01
                        }
                    ]
                }

            ]
        }
    ]
}
