{
    "type": "minecraft:entity",
    "pools": [
        {
            "rolls": 1,
            "entries": [
                {
                    "weight": 1,
                    "type": "minecraft:item",
                    "name": "minecraft:netherite_sword",
                    "functions": [
                        {
                            "function": "minecraft:set_nbt",
                            "tag": "{display:{Name:'[{\"text\":\"Nichirin Sword\",\"color\":\"white\",\"italic\": false},{\"text\": \" (Kaigaku)\",\"color\": \"dark_gray\"}]',Lore:['{\"text\":\"Thunder Breathing\",\"color\":\"yellow\",\"italic\":false,\"underlined\": true}']},Cap:{Nichirin:1b,Kaigaku:1b,Thunderbreathing:2b},AttributeModifiers:[{AttributeName:\"generic.attack_damage\",Name:\"generic.attack_damage\",Amount:9,Operation:0,UUID:[I;1243134808,-412792695,-1985196182,1301312312],Slot:\"mainhand\"},{AttributeName:\"generic.attack_speed\",Name:\"Nichirin\",Amount:-2.35,Operation:0,UUID:[I;1243134808,-412792695,-1985196182,1301312313],Slot:\"mainhand\"}],Enchantments:[{id:\"minecraft:sharpness\",lvl:1}]}"
                        }
                    ],
                    "conditions": [
                        {
                            "condition": "random_chance",
                            "chance": 0.65
                        }
                    ]
                },
                {
                    "weight": 1,
                    "type": "minecraft:item",
                    "name": "minecraft:leather_chestplate",
                    "functions": [
                        {
                            "function": "minecraft:set_nbt",
                            "tag": "{display:{color:1776411,Name:'{\"text\": \"Demon Slayer Uniform\",\"italic\": false}'},Cap:{Armor:1b},Unbreakable:1b,AttributeModifiers:[{Amount:10,AttributeName:\"generic.armor\",Name:\"Uniform\",Operation:0,Slot:\"chest\",UUID:[I;1010,1010,1010,1014]},{Amount:4,Name:\"Uniform\",AttributeName:\"generic.armor_toughness\",Operation:0,Slot:\"chest\",UUID:[I;1010,1010,1010,1014]}]}"
                        }
                    ],
                    "conditions": [
                        {
                            "condition": "random_chance",
                            "chance": 0.025
                        }
                    ]
                }

            ]
        },
        {
            "rolls": 1,
            "entries": [
                {
                    "weight": 1,
                    "type": "minecraft:item",
                    "name": "minecraft:spider_eye",
                    "functions": [
                        {
                            "function": "minecraft:set_nbt",
                            "tag": "{display:{Name:'{\"text\": \"Muzan Blood\",\"italic\": false}'},Muzan:1b}"
                        },
                        {
                            "function": "set_count",
                            "count": 5,
                            "add": false
                        }
                    ]
                }

            ]
        }
    ]
}
