{
    "display": {
        "icon": {
            "item": "minecraft:redstone"
        },
        "title": "5 Blood",
        "description": "Get 5 Blood",
        "announce_to_chat": false,
        "hidden": false,
        "frame": "challenge",
        "show_toast": true
    },
    "parent": "demonslayer:demon",
    "criteria":{
        "hi":{
            "trigger": "tick",
            "conditions": {
                "player": [
                    {
                        "entity": "this",
                        "condition": "entity_scores",
                        "scores": {
                            "ability":2,
                            "ds_blood":{
                                "min": 5
                            }
                            
                        }
                    }
                ]
            }
        }
    },
    "rewards": {
        "experience": 10
    }
}