{
    "type": "minecraft:entity",
    "pools": [
        {
            "rolls": 1,
            "entries": [
                {
                    "weight": 1,
                    "type": "minecraft:item",
                    "name": "minecraft:spider_eye",
                    "functions": [
                        {
                            "function": "minecraft:set_nbt",
                            "tag": "{display:{Name:'{\"text\": \"Muzan Blood\",\"italic\": false}'},Muzan:1b}"
                        }
                    ]
                },
                {
                    "weight": 1,
                    "type": "minecraft:item",
                    "name": "minecraft:carrot_on_a_stick",
                    "functions": [
                        {
                            "function": "minecraft:set_nbt",
                            "tag": "{Cap:{Bda:1b,ID:5b},CustomModelData:40008,display:{Name:'{\"text\":\"Blood Demon Art(Susamaru)\",\"italic\": false,\"color\": \"red\"}'},AttributeModifiers:[{Amount:4,AttributeName:\"minecraft:generic.attack_damage\",Operation:0,Slot:\"mainhand\",UUID:[I;1010,1010,1010,1010],Name:\"4\"}],Enchantments:[{id:\"minecraft:knockback\",lvl:2}]}"
                        }
                    ],
                    "conditions": [
                        {
                            "condition": "random_chance",
                            "chance": 0.1
                        }
                    ]
                }

            ]
        }
    ]
}
