{
    "type": "minecraft:entity",
    "pools": [
        {
            "rolls": 1,
            "entries": [
                {
                    "type": "minecraft:item",
                    "name": "minecraft:spider_eye",
                    "functions": [
                        {
                            "function": "minecraft:set_nbt",
                            "tag": "{display:{Name:'{\"text\": \"Muzan Blood\",\"italic\": false}'},Muzan:1b}"
                        }
                    ]
                }
            ]
        }
    ]
}
