{
    "requirements": [
    ],
    "criteria": {
        "hi":{
            "trigger": "consume_item",
            "conditions": {
                "player": [
                    {
                        "entity": "this",
                        "condition": "entity_scores",
                        "scores": {
                            "ability":2
                        }
                    }
                ],
                "item": {
                    "nbt": "{Eternal_Muzan:1b}"
                }
                
            }
        }
    },
    "rewards": {
        "function": "demonslayer:demon/eternal_demon"
    }
}