{
    "display": {
        "icon": {
            "item": "minecraft:diamond_horse_armor"
        },
        "title": "35 Defense",
        "description": "Get 35 Defense",
        "announce_to_chat": false,
        "hidden": false,
        "frame": "goal",
        "show_toast": true
    },
    "parent": "demonslayer:defense/30_def",
    "criteria":{
        "hi":{
            "trigger": "tick",
            "conditions": {
                "player": [
                    {
                        "entity": "this",
                        "condition": "entity_scores",
                        "scores": {
                            "stat_def":{
                                "min": 35
                            },
                            "ability":2
                        }
                    }
                ]
            }
        }
    },
    "rewards": {
        "experience": 10
    }
}