{
    "condition": "alternative",
    "terms": [
        {
            "condition": "reference",
            "name": "demonslayer:breathing/insect"
        },
        {
            "condition": "reference",
            "name": "demonslayer:breathing/water"
        },
        {
            "condition": "reference",
            "name": "demonslayer:breathing/sun"
        },
        {
            "condition": "reference",
            "name": "demonslayer:breathing/thunder_zeni"
        },
        {
            "condition": "reference",
            "name": "demonslayer:breathing/thunder_kai"
        }
    ]
        
}
