[
    {
        "condition": "random_chance",
        "chance": 0.05
    },
    {
        "condition": "inverted",
        "term": {
            "condition": "minecraft:location_check",
            "predicate": {
                "dimension": "demonslayer:final_selection"
            }
        }
    },
    {
        "condition": "location_check",
        "predicate": {
            "position": {
                "y": {
                    "min":45
                }
            }
        }
    }
]