[
    {
        "function": "minecraft:set_lore",
        "entity": "this",
        "lore": [
            {
                "text": "Insect Breathing",
                "color": "light_purple",
                "italic": false,
                "underlined": true
            }
        ],
        "replace": false
    },
    {
        "function": "minecraft:set_nbt",
        "tag": "{Cap:{Insectbreathing:1b}}"
    },
    {
        "function": "set_nbt",
        "tag": "{Enchantments:[{}]}",
        "conditions": [
            {
                "condition": "inverted",
                "term": {
                    "condition": "entity_properties",
                    "entity": "this",
                    "predicate": {
                        "equipment": {
                            "mainhand": {
                                "nbt": "{Enchantments:[{}]}"
                            }
                        }
                    }
                }
            }
        ]
    }
]
