[
    {
        "function": "minecraft:set_enchantments",
        "enchantments": {
            "minecraft:efficiency": 0
        },
        "add": false
    },
    {
        "function": "minecraft:set_lore",
        "entity": "this",
        "lore": [
            {
                "text": "Water Breathing",
                "color": "blue",
                "italic": false,
                "underlined": true
            }
        ],
        "replace": false
    },
    {
        "function": "minecraft:set_nbt",
        "tag": "{Cap:{Waterbreathing:1b}}"
    },
    {
        "function": "set_enchantments",
        "add": true,
        "enchantments": {
            "sharpness":1
        }
    }
]
