{
    "type": "minecraft:entity",
    "pools": [
        {
            "rolls": 1,
            "entries": [
                {
                    "type": "minecraft:item",
                    "name": "minecraft:cooked_beef",
                    "functions": [
                        {
                            "function": "minecraft:set_name",
                            "entity": "this",
                            "name": {
                                "text": "Villager",
                                "italic": false
                            }
                        },
                        {
                            "function": "minecraft:set_nbt",
                            "tag": "{CustomModelData:40004}"
                        },
                        {
                            "function": "minecraft:set_count",
                            "count": 1
                        }
                    ]
                }
            ]
        }
    ]
}
