{
    "display": {
        "icon": {
            "item": "minecraft:stone_sword",
            "nbt": "{Enchantments:[{}]}"
        },
        "title": "Refinery II",
        "description": "get Control 30",
        "announce_to_chat": true,
        "hidden": false,
        "frame": "challenge",
        "show_toast": true
    },
    "parent": "demonslayer:slayer/refinery_1",
    "criteria":{
        "hi":{
            "trigger": "tick",
            "conditions": {
                "player": [
                    {
                        "entity": "this",
                        "condition": "entity_scores",
                        "scores": {
                            "ability":2
                        }
                    },
                    {
                        "entity": "this",
                        "condition": "entity_scores",
                        "scores": {
                            "stat_control":{
                                "min":30
                            }
                        }
                    },
                    {
                        "condition":"minecraft:entity_properties",
                        "entity": "this",
                        "predicate": {
                            "player": {
                                "advancements": {
                                    "demonslayer:slayer/training":true
                                }
                            }
                        }
                    },
                    {
                        "condition": "inverted",
                        "term": {
                            "condition": "minecraft:entity_properties",
                            "entity": "this",
                            "predicate": {
                                "nbt":"{Tags:[\"demon_boost\"]}"
                            }
                        }
                    }
                ]
            }
        }
    },
    "rewards": {
        "experience": 100
    }
}