{
    "type": "minecraft:entity",
    "pools": [
        {
            "rolls": 1,
            "entries": [
                {
                    "weight": 1,
                    "type": "minecraft:item",
                    "name": "minecraft:netherite_sword",
                    "functions": [
                        {
                            "function": "minecraft:set_nbt",
                            "tag": "{display:{Name:'[{\"text\":\"Nichirin Sword\",\"color\":\"white\",\"italic\": false},{\"text\": \" (Tanjiro)\",\"color\": \"white\"}]',Lore:['{\"text\":\"Water Breathing\",\"color\":\"blue\",\"italic\":false,\"underlined\": true}']},Cap:{Nichirin:1b,Waterbreathing:1b},AttributeModifiers:[{AttributeName:\"generic.attack_damage\",Name:\"generic.attack_damage\",Amount:8.5,Operation:0,UUID:[I;1243134808,-412792695,-1985196182,1301312312],Slot:\"mainhand\"},{AttributeName:\"generic.attack_speed\",Name:\"Nichirin\",Amount:-2.35,Operation:0,UUID:[I;1243134808,-412792695,-1985196182,1301312313],Slot:\"mainhand\"}],Enchantments:[{id:\"minecraft:sharpness\",lvl:1}]}"
                        }
                    ],
                    "conditions": [
                        {
                            "condition": "random_chance",
                            "chance": 0.09
                        }
                    ]
                },
                {
                    "weight": 1,
                    "type": "minecraft:item",
                    "name": "minecraft:leather_chestplate",
                    "functions": [
                        {
                            "function": "minecraft:set_nbt",
                            "tag": "{display:{color:1776411,Name:'{\"text\": \"Demon Slayer Uniform\",\"italic\": false}'},Cap:{Armor:1b},Unbreakable:1b,AttributeModifiers:[{Amount:10,AttributeName:\"generic.armor\",Name:\"Uniform\",Operation:0,Slot:\"chest\",UUID:[I;1010,1010,1010,1014]},{Amount:4,Name:\"Uniform\",AttributeName:\"generic.armor_toughness\",Operation:0,Slot:\"chest\",UUID:[I;1010,1010,1010,1014]}]}"
                        }
                    ],
                    "conditions": [
                        {
                            "condition": "random_chance",
                            "chance": 0.02
                        }
                    ]
                },
                {
                    "weight": 1,
                    "type": "minecraft:item",
                    "name": "minecraft:leather_leggings",
                    "functions": [
                        {
                            "function": "minecraft:set_nbt",
                            "tag": "{display:{color:1776411,Name:'{\"text\": \"Demon Slayer Pants\",\"italic\": false}'},Cap:{Armor:1b},Unbreakable:1b,AttributeModifiers:[{Amount:9,AttributeName:\"generic.armor\",Name:\"Uniform\",Operation:0,Slot:\"legs\",UUID:[I;1010,1010,1010,1015]},{Amount:3,Name:\"Uniform\",AttributeName:\"generic.armor_toughness\",Operation:0,Slot:\"legs\",UUID:[I;1010,1010,1010,1015]}]}"
                        }
                    ],
                    "conditions": [
                        {
                            "condition": "random_chance",
                            "chance": 0.02
                        }
                    ]
                }

            ]
        }
    ]
}
