{
    "display": {
        "icon": {
            "item": "minecraft:leather_horse_armor"
        },
        "title": "5 Defense",
        "description": "Get 5 Defense",
        "announce_to_chat": false,
        "hidden": false,
        "frame": "goal",
        "show_toast": true
    },
    "parent": "demonslayer:root",
    "criteria":{
        "hi":{
            "trigger": "tick",
            "conditions": {
                "player": [
                    {
                        "entity": "this",
                        "condition": "entity_scores",
                        "scores": {
                            "stat_def":{
                                "min": 5
                            },
                            "ability":2
                            
                        }
                    }
                ]
            }
        }
    },
    "rewards": {
        "experience": 10
    }
}