{
    "display": {
        "icon": {
            "item": "minecraft:iron_horse_armor"
        },
        "title": "25 Defense",
        "description": "Get 25 Defense",
        "announce_to_chat": false,
        "hidden": false,
        "frame": "goal",
        "show_toast": true
    },
    "parent": "demonslayer:defense/20_def",
    "criteria":{
        "hi":{
            "trigger": "tick",
            "conditions": {
                "player": [
                    {
                        "entity": "this",
                        "condition": "entity_scores",
                        "scores": {
                            "stat_def":{
                                "min": 25
                            },
                            "ability":2
                        }
                    }
                ]
            }
        }
    },
    "rewards": {
        "experience": 10
    }
}