{
    "display": {
        "icon": {
            "item": "minecraft:player_head",
            "nbt": "{SkullOwner:{Id:[I;1226237022,-1390131569,-1690162039,996224705],Properties:{textures:[{Value:\"eyJ0ZXh0dXJlcyI6eyJTS0lOIjp7InVybCI6Imh0dHA6Ly90ZXh0dXJlcy5taW5lY3JhZnQubmV0L3RleHR1cmUvZTA5MzIzMmFlYTQ5NjAwYjUwOTJmYzE4MmUwZDVjZTg5OTlmNzgwNDVkZDdiZGEyM2M2NWNjYTZmY2Y1Y2Y2MCJ9fX0=\"}]}}}"
        },
        "title": "Training(Tanjiro)",
        "description": "Train with tanjiro and learn water breathing!",
        "announce_to_chat": true,
        "hidden": false,
        "frame": "challenge",
        "show_toast": true
    },
    "parent": "demonslayer:root",
    "criteria":{
        "hi":{
            "trigger": "player_killed_entity",
            "conditions": {
                "player": [
                    {
                        "entity": "this",
                        "condition": "entity_scores",
                        "scores": {
                            "ability":2
                        }
                    },
                    {
                        "condition": "entity_properties",
                        "entity": "this",
                        "predicate": {
                            "equipment": {
                                "mainhand": {
                                    "tag": "demonslayer:swords"
                                }
                            }
                        }
                    }
                ],
                "entity": {
                    "nbt": "{Tags:[\"ds_slayer\"]}"
                }
            }
        }
    },
    "rewards": {
        "experience": 100,
        "function": "demonslayer:learn_waterbreathing"
    }
}