{
    "condition": "minecraft:alternative",
    "terms": [
        {
            "condition": "minecraft:entity_properties",
            "entity": "this",
            "predicate": {
                "equipment": {
                    "mainhand": {
                        "tag": "demonslayer:swords",
                        "nbt": "{Cap:{Thunderbreathing:1b}}"
                    }
                }
            }
        },
        {
            "condition": "minecraft:entity_properties",
            "entity": "this",
            "predicate": {
                "equipment": {
                    "mainhand": {
                        "tag": "demonslayer:swords",
                        "nbt": "{Cap:{Thunderbreathing:1b}}"
                    }
                }
            }
        }
    ]
}
