[
    {
        "condition": "alternative",
        "terms": [
            {
                "condition": "entity_properties",
                "entity": "this",
                "predicate": {
                    "equipment": {
                        "mainhand": {
                            "tag": "demonslayer:swords"
                        }
                    }
                }
            },
            {
                "condition": "entity_properties",
                "entity": "this",
                "predicate": {
                    "equipment": {
                        "mainhand": {
                            "nbt": "{Cap:{Sword:1b}}"
                        }
                    }
                }
            }

        ]
    },
    {
        "condition": "inverted",
        "term": {
            "condition": "minecraft:entity_properties",
            "entity": "this",
            "predicate": {
                "equipment": {
                    "mainhand": {
                        "nbt": "{Cap:{Bamboo:1b}}"
                    }
                }
            }
        }
    }
]